CountryName,GiniCoff,IncomePerPeerson,InvestmentShareOfGDP,TaxShareOfGDP,"Estimated average age at marriage, women","Estimates, 1950 - 2020: Annually interpolated demographic indicators - Total fertility (live births per woman)",Deaths - Self-harm - Sex: Both - Age: All Ages (Percent),Life satisfaction in Cantril Ladder (World Happiness Report 2019),"Agriculture, value added per worker (constant 2010 US$)",UN Population Division (Median Age) (2017),Life expectancy,Number of people employed in agriculture  (Herrendorf et al. data),"Unemployment, total (% of total labor force) (modeled ILO estimate)",Pupil-teacher ratio in primary education (headcount basis),Tax Revenue (Piketty (2014)),Public Expenditure on Education (Tanzi & Schuktnecht (2000)),"Real GDP per capita in 2011US$, multiple benchmarks (Maddison Project Database (2018))",Income share held by highest 10%,Population density (people per sq. km of land area)
Algeria,28.2,13000.0,38.1,37.2,,2.909,1.0948192462640918,5.317194462,9444.28616227874,,75.199,,9.96000003814697,23.2690296173096,,,13204.0,22.9,15.4591004895581
Angola,42.7,6350.0,12.9,17.3,,6.12,0.7817790137336559,5.589000702,,,56.33,,7.3600001335144,42.5430603027344,,,8016.0,,19.4261370016844
Benin,43.1,1820.0,24.1,14.8,21.299999,5.305,0.7269544497405429,3.870279551,1009.68357954254,,59.59,,2.65000009536743,44.2006683349609,,,1836.0,34.5,83.9021106775452
Botswana,60.6,13800.0,37.8,23.2,24.799999,3.017,0.9829092502962904,3.519921064,1555.46054668534,,61.91,,17.617000579834,,,,13376.0,,3.61960545586082
Burkina Faso,38.0,1470.0,28.0,13.7,,5.781000000000001,0.655873961038678,4.785367489,904.334830599158,,57.761,,5.09700012207031,52.686408996582,,,1344.0,,58.7788888888889
Burundi,36.6,739.0,27.6,14.7,,6.087999999999999,0.7687577975590526,3.705894232,218.137392599461,,57.925,,1.54499995708466,48.3114318847656,,,719.0,,352.161526479751
Central African Republic,56.2,1020.0,15.0,9.29,,5.172000000000001,0.7012733992100448,3.677826405,717.432443979282,,47.95,,6.27799987792969,81.3105087280273,,,909.0,,7.18506693633825
Cote d'Ivoire,42.4,2500.0,4.7,10.9,22.299999,5.029,0.8272187951235004,,1878.94997359599,,53.62,,2.9909999370575,48.8462104797363,,,2444.0,,65.7085251572327
Egypt,30.9,9980.0,17.1,14.0,,3.3110000000000004,0.9209760973159712,4.174158573,4083.35115433178,,70.543,,11.8500003814697,,,,10737.0,,86.2901813250289
Equatorial Guinea,40.0,34600.0,32.0,7.02,20.5,5.126,0.6606015074233188,,1053.88459130243,,55.945,,5.57000017166138,27.9077491760254,,,43841.0,,35.4470588235294
Ethiopia,33.5,1160.0,32.1,9.21,,5.017,0.8050612681513614,,447.478479921762,,62.505,,5.17999982833862,55.0692901611328,,,1199.0,,90.046756
Lesotho,54.1,2580.0,22.7,34.8,24.4,3.282,1.6468780918654822,4.89751482,1659.03469166379,,46.207,,28.1900005340576,33.8756408691406,,,2346.0,,67.9896574440053
Liberia,34.6,1150.0,19.5,17.3,,4.881,0.8831728832177723,,1033.80285029563,,60.146,,2.26399993896484,26.8343105316162,,,820.0,,42.256717192691
Malawi,44.9,1100.0,12.4,15.5,,5.1610000000000005,0.6655812387581362,3.946062565,414.229694217986,,57.161,,6.42899990081787,76.0735702514648,,,1102.0,,165.757509546033
Mali,33.3,1880.0,19.7,12.5,,6.474,0.3408713007757993,4.666832924,1145.29578452853,,55.701,,6.90000009536743,48.4733505249023,,,1500.0,,12.7365320155058
Mauritius,35.8,16600.0,23.9,18.0,23.9,1.541,1.369049150105316,5.477073193,9492.12443385928,,73.718,,7.90999984741211,20.3592395782471,,,16483.0,,616.947783251231
Morocco,40.1,6700.0,35.8,23.3,,2.576,1.287113329632091,5.084972858,3021.73564809223,,74.696,,8.90999984741211,26.415319442749,,,7226.0,,73.6249675106431
Mozambique,48.4,984.0,25.7,18.7,18.9,5.329,0.7888298066042068,4.971111774,446.093543300709,,53.043,,22.3430004119873,55.4196281433105,,,925.0,,31.7136816806124
Namibia,60.7,8960.0,22.4,30.0,,3.632,1.143318188193948,,4931.59375009692,,58.085,,20.7770004272461,,,,8203.0,,2.69117929283727
Nigeria,42.9,5210.0,16.2,1.8,21.700001,5.8020000000000005,0.4099769459926903,,5599.70434270886,,51.346,,3.82599997520447,,,,5136.0,,178.834476322233
Senegal,40.1,2740.0,25.6,19.0,,5.039,1.0720968845345775,3.834201574,829.020920718843,,64.898,,10.3599996566772,32.9396286010742,,,2123.0,31.0,69.0848698904067
Sierra Leone,34.6,1260.0,42.0,9.31,,5.06,0.5018898708641274,4.501643658,1057.04811751446,,50.234,,4.39300012588501,31.3312301635742,,,1479.0,26.9,91.600055417013
South Africa,63.2,12200.0,19.7,25.2,28.0,2.582,1.0220216054517688,4.930511475,13816.6045721575,,58.895,,24.6499996185303,32.5966606140137,,,11838.0,51.3,43.0829666389138
Swaziland,51.5,8370.0,12.9,16.3,,,,,,,,,,,,,,,
Togo,45.1,1290.0,18.3,16.4,,4.798,0.8750917527441229,2.936220884,948.276330764597,,58.092,,1.86000001430511,40.9476699829102,,,1227.0,34.5,122.803493289208
Tunisia,36.0,10100.0,23.5,21.2,,2.182,0.630799439905473,4.87648201,7066.51790137925,,75.206,,18.3299999237061,17.35205078125,,,10437.0,,69.2679389804325
Zambia,55.9,3420.0,33.6,17.1,,5.327999999999999,0.7076036117541827,4.99911356,650.952986330281,,57.126,,9.98999977111816,55.8619499206543,,,3205.0,,19.1887918858204
Zimbabwe,43.2,2170.0,20.3,20.9,,4.059,1.6383073453175605,4.845641613,270.290577970421,,52.896,,5.36999988555908,,,,1515.0,33.8,37.1892180431692
Argentina,42.3,19800.0,18.4,12.7,,2.338,1.5200943626615315,6.775805473,265201.994312205,,75.439,,7.17999982833862,,,,20003.0,31.8,15.2216286828249
Brazil,53.1,15100.0,21.8,14.2,,1.781,1.0655611248136416,7.037816525,6739.82977556561,,73.921,,6.69000005722046,21.2850704193115,,,14831.0,41.9,23.7716391445944
Canada,33.8,41600.0,24.2,11.8,,1.624,1.772480487492538,7.426053524,56494.4512021534,,81.51,,7.51000022888184,,,,42197.0,,3.77662530749952
Chile,47.9,20300.0,24.6,18.9,30.200001,1.87,2.115489267887836,6.526334763,11147.0473065104,,78.986,,7.34000015258789,21.9740295410156,,,19705.0,38.5,23.0700992021863
Colombia,53.7,11700.0,23.9,14.6,,1.958,1.313381113109468,6.463952541,4931.38784472348,,75.655,,10.1899995803833,27.5796508789063,,,11788.0,43.1,41.8266300135196
Costa Rica,49.1,13300.0,19.9,13.4,,1.869,1.8093616434598208,7.228888512,11671.2067922311,,78.919,,10.1800003051758,17.3420791625977,,,12366.0,37.0,90.0993732863298
Dominican Republic,47.1,11600.0,25.0,12.3,,2.481,1.2326943613242225,5.396535397,5697.45729438187,,72.284,,5.82000017166138,25.4585494995117,,,11679.0,37.3,207.557338025254
El Salvador,43.4,6490.0,17.8,15.3,,2.224,1.4306222244471931,4.741294861,2269.05006925805,,71.449,,4.30000019073486,29.285680770874,,,7607.0,32.9,298.868725868726
Guatemala,50.7,6850.0,15.2,10.8,,3.292,1.10273498080905,5.743353844,2355.50112972674,,71.861,,4.13000011444092,26.2891006469727,,,6650.0,41.8,139.500923852184
Honduras,53.9,3980.0,26.0,14.8,21.200001,2.86,0.7755272603162632,4.961031437,1661.03206753315,,73.569,,4.46999979019165,,,,4421.0,45.7,74.6411654303334
Jamaica,45.5,8110.0,21.4,23.4,,2.136,0.5054767367545154,5.374446392,3600.79476235526,,74.012,,12.6999998092651,23.3935394287109,,,7141.0,,261.264358264081
Mexico,46.8,16500.0,23.3,10.0,26.299999,2.317,1.202639399556806,6.909515381,4989.71825769621,,75.011,,5.19000005722046,28.1119899749756,,,15210.0,,61.2618724761439
Nicaragua,44.8,4160.0,31.0,14.5,21.1,2.575,1.8562848744128624,5.385705471,1993.69467882857,,72.692,,6.51999998092651,,,,4189.0,,48.2617583513379
Paraguay,49.6,10000.0,17.1,12.6,,2.675,1.1871631000881022,5.677080631,5890.86085271288,,72.86,,4.67000007629395,,,,7377.0,41.4,15.8413868613139
Peru,45.3,10600.0,24.2,16.0,23.6,2.4930000000000003,0.7844238954382475,5.892457485,2402.1654783614,,74.697,,3.44000005722046,19.56369972229,,,10044.0,34.2,23.24999140625
Suriname,60.9,14800.0,53.2,18.5,,2.587,3.9077364227773153,,61759.5031332122,,70.676,,6.92799997329712,15.2450504302979,,,,,3.40762179487179
United States,40.7,49900.0,18.5,9.59,26.4,1.937,1.7160294555366555,7.115138531,68423.1278844576,,78.777,1962000.0,8.94999980926514,14.2852201461792,,,49675.0,,34.0690905195126
Uruguay,42.6,18000.0,20.9,19.1,24.0,2.008,1.9991871125418303,6.554047108,20656.9675652465,,76.882,,6.30999994277954,,,,17211.0,32.4,19.3442120900469
Afghanistan,36.8,1630.0,16.6,8.85,,5.77,0.6460586451796041,3.83171916,820.402491643305,,61.553,,8.22999954223633,43.5191497802734,,,1792.0,,45.5053135434856
Armenia,29.5,7020.0,27.3,17.2,,1.724,1.1219990844189855,4.260491371,4025.22356736472,,73.572,,18.4400005340576,,,,8465.0,26.1,101.003898840885
Azerbaijan,32.4,15800.0,20.3,12.2,,2.004,0.6496436780187851,4.680469513,1892.45369699025,,71.234,,5.42000007629395,11.1644496917725,,,16176.0,,110.976336228798
Bahrain,40.0,40200.0,22.4,1.11,,2.139,2.9293069976681307,4.82397604,9659.53068953176,,76.2,,1.23000001907349,12.1159000396729,,,36372.0,,1666.58279009126
Bangladesh,32.2,2650.0,27.4,8.69,18.6,2.273,1.16744791623086,4.985649109,733.612713124515,,70.256,,3.65000009536743,40.2114791870117,,,2772.0,,1182.39161097027
Bhutan,38.6,7270.0,67.7,13.5,,2.224,1.0991091642853696,,1328.5690759838,,68.84,,3.23000001907349,25.3784503936768,,,,,19.4272896607813
Cambodia,42.0,2660.0,17.1,10.2,,2.804,0.6229515031524316,4.161225319,1079.65998613954,,67.043,,0.200000002980232,47.2916297912598,,,2496.0,,82.3582936777702
China,41.9,10400.0,47.7,10.3,,1.632,1.4261853399424431,5.037207603,3301.34789075455,,74.708,,4.34000015258789,16.7884101867676,,,10221.0,,143.172112343875
Fiji,38.9,7520.0,21.0,23.0,,2.761,1.2717190420799245,,2346.33858653487,,66.759,,9.02000045776367,30.7597103118896,,,,,47.4595511767926
India,35.0,4630.0,39.6,10.2,,2.506,2.286725388441136,4.634871483,1366.53305743959,,67.13,,3.52900004386902,35.1546287536621,,,4768.0,29.8,419.4942230399
Indonesia,38.2,8860.0,33.0,11.2,,2.471,0.5155831057697937,5.172608376,2611.51686999073,,69.542,,5.15000009536743,18.9804000854492,,,8849.0,,135.632358120304
Israel,41.9,30600.0,20.4,22.7,25.0,3.009,1.315319002136483,7.433147907,84355.1580981656,,81.653,,7.1399998664856,12.5025596618652,,,29370.0,,358.863216266174
Japan,32.1,35800.0,22.1,9.36,29.0,1.391,2.5410675191347725,6.262793541,25489.9196283235,,83.118,2785062.387,4.55000019073486,17.4956092834473,,,34979.0,,350.654908038568
Jordan,33.3,9120.0,25.5,15.0,,3.5410000000000004,1.0697616917872466,5.539327621,13138.244577664,,73.581,,12.8999996185303,,,,11615.0,,85.3226289704889
Kuwait,40.0,78000.0,13.5,0.8,25.700001,2.182,1.66751808308634,6.377699375,11264.835906285,,74.55,,3.59999990463257,8.60900974273682,,,77126.0,,179.071324354658
Kazakhstan,27.9,21300.0,23.0,18.3,,2.668,3.3950195440081226,5.735662937,3832.51231900711,,68.047,,5.3899998664856,16.3579502105713,,,21302.0,22.5,6.13297810867874
Lao,36.0,4490.0,28.1,13.1,,,,,,,,,,,,,,,
Lebanon,31.8,13800.0,26.8,16.3,,2.002,1.148343904957617,5.187571526,41135.9791081276,,78.507,,6.55999994277954,14.2309703826904,,,16230.0,24.8,448.520821114369
Malaysia,43.6,21800.0,23.2,14.8,,2.129,1.3615984137023656,5.786367416,16283.0977901202,,74.683,,3.08999991416931,12.3244695663452,,,19390.0,,87.1560736569776
Mongolia,33.6,8850.0,58.2,18.5,,2.722,2.6690893420593715,5.031173706,2213.50033136893,,67.818,,4.76999998092651,29.3232097625732,,,9484.0,26.6,1.77754061639074
Nepal,33.8,2050.0,38.0,13.3,20.0,2.444,1.2648973617941477,3.809444666,521.058194495547,,68.028,,2.53299999237061,29.6141300201416,,,2189.0,,190.632347401465
Oman,40.0,41900.0,23.8,2.27,,2.882,1.1423715336434608,6.852982044,9619.50483220134,,75.916,,3.97399997711182,,,,44454.0,,10.4596704361874
Palestine,34.5,4410.0,17.8,5.25,,4.36,0.9481288671324868,4.751219749,6097.76184977883,,72.915,,20.9400005340576,25.6431903839111,,,4863.0,27.2,652.334053156146
Pakistan,30.6,4100.0,14.1,9.19,,3.88,0.5948257297615993,5.267186165,1697.32653879146,,65.562,,0.800000011920929,39.8326416015625,,,4464.0,26.8,225.95509677252
Philippines,44.1,5690.0,20.5,12.4,,3.1210000000000004,0.783954878444745,4.993956566,1986.30600166729,,69.984,,3.58999991416931,,,,5851.0,,319.542341617198
Singapore,42.2,76000.0,27.1,13.3,,1.235,2.907644932788102,6.561041832,3052.45369466767,,82.048,,2.96000003814697,,,,61672.0,,7363.19318181818
Sri Lanka,37.8,9160.0,33.4,11.3,,2.237,3.803471032514535,4.180569172,1927.63248326729,,75.614,,4.1100001335144,24.0657196044922,,,8918.0,,323.951793972253
South Korea,31.8,31200.0,33.0,14.4,,1.216,6.502340050378157,6.946599007,15226.7800739828,,80.79,,3.41000008583069,19.0484600067139,,,32225.0,,513.592903424869
Thailand,38.7,13500.0,26.8,16.4,,1.539,2.0752863037461338,6.663609028,2338.64361185319,,74.593,,0.660000026226044,15.7845697402954,,,13318.0,29.9,132.181350192801
Timor-Leste,28.3,9860.0,12.9,24.9,,,,,,,,,,,,,,,
United Arab Emirates,40.0,56600.0,23.2,0.321,,1.763,2.990238065641895,7.118701458,72067.6703790944,,76.521,,3.3050000667572,17.0339698791504,,,65307.0,,103.73773923445
Uzbekistan,33.5,4470.0,22.8,16.2,,2.449,1.4439200271668626,5.738744259,2324.07259525339,,69.91,,8.1569995880127,15.624400138855,,,7396.0,,68.968970380818
Vietnam,37.0,4660.0,29.8,22.2,22.799999,1.949,1.263985961214957,5.767344475,882.517182101952,,74.904,,2.01999998092651,19.6315498352051,,,4786.0,,288.440171574161
Albania,29.3,10200.0,31.4,18.0,,1.673,0.8823724134153041,5.867421627,4518.23432758808,,76.914,,13.9799995422363,19.8691692352295,,,9484.0,,106.02901459854
Austria,30.8,44500.0,24.1,25.4,30.299999,1.431,1.879726159564108,7.470512867,27966.8490788654,,80.776,,4.55999994277954,10.8939800262451,,,41446.0,23.7,101.641731568174
Belarus,27.3,17200.0,37.2,14.5,,1.594,2.5585881130065404,5.225307941,10780.5984945084,,71.443,,0.680000007152557,14.9636697769165,,,17918.0,21.9,46.6865704006702
Belgium,28.0,41300.0,24.0,24.7,,1.806,2.174815235733864,7.111363888,63174.086693761,,80.261,,7.1399998664856,11.1892404556274,,,38130.0,22.4,364.85284015852
Bosnia and Herzegovina,33.0,9980.0,18.7,20.3,25.700001,1.315,0.811233706558481,4.994670868,5609.93166269495,,76.219,,27.6000003814697,,,,8961.0,25.8,72.04814453125
Bulgaria,35.3,15700.0,21.5,17.7,26.6,1.534,0.9282145822909464,3.875382423,10527.9788673279,,73.932,,11.2600002288818,17.4620800018311,,,15112.0,26.0,67.6890935887988
Croatia,31.9,20800.0,20.6,18.4,27.299999,1.509,1.519824031080388,5.385372639,10134.1579066459,,77.059,,13.6800003051758,13.83131980896,,,19813.0,23.7,76.4943173695497
Cyprus,33.5,33200.0,18.8,23.3,,1.406,0.9486464206424852,6.689608574,26904.2978249975,,79.621,,7.86999988555908,13.4415302276611,,,27272.0,26.7,121.73538961039
Czech Republic,26.3,28800.0,27.0,14.3,,,,,,,,,,,,,,,
Denmark,27.5,44400.0,19.1,32.8,31.4,1.775,1.3369370514276444,7.78823185,53162.9001351136,,79.704,,7.57000017166138,,,,43575.0,22.8,131.288522271977
Estonia,32.8,24500.0,25.1,1.23,28.4,1.633,1.687457131442588,5.486819744,23194.8417396703,,75.893,,12.3299999237061,11.7828998565674,,,21997.0,24.8,31.3149091766926
Finland,27.4,40700.0,23.5,20.1,30.4,1.809,1.9528354483153976,7.354225159,58794.3595473316,,80.365,,7.78000020980835,13.6709403991699,,,38432.0,22.8,17.7309947678436
France,33.1,37400.0,23.2,21.8,30.799999,1.992,2.2794124759474834,6.959185123,55603.8838262611,,81.692,,8.8100004196167,17.5182991027832,,,36691.0,26.9,119.335110317282
Germany,30.7,42700.0,21.1,11.4,30.200001,1.4,1.342167467607866,6.621312141,30702.9234565193,,80.261,,5.82000017166138,11.8241500854492,,,43189.0,23.7,230.304633348634
Greece,35.0,26100.0,15.1,22.1,29.4,1.378,0.4721322570469423,5.372039795,16382.0631675464,,80.754,,17.8600006103516,,,,24349.0,25.6,86.1512723041117
Hungary,29.6,22800.0,20.5,21.1,28.6,1.3259999999999998,1.8566069393774192,4.917602539,24046.0931757233,,74.795,,11.0299997329712,10.5392198562622,,,20886.0,23.1,110.148315475533
Iceland,26.8,40800.0,15.4,21.2,32.400002,2.05,1.9148902261943133,,85199.674670911,,81.951,,7.03000020980835,9.7007303237915,,,36740.0,22.1,3.18218453865337
Ireland,32.9,44900.0,17.2,21.8,,1.988,1.946790778307904,7.006904125,28599.9738310804,,80.382,,14.6199998855591,15.5706901550293,,,48980.0,25.3,66.4840179997097
Italy,34.7,36300.0,20.5,22.3,30.5,1.439,0.7822025674992596,6.057086468,46526.2716047094,,82.128,,8.35999965667725,,,,35151.0,26.0,201.874784116407
Latvia,35.4,19800.0,25.2,20.0,27.299999,1.5019999999999998,1.6929845573818607,4.966811657,11910.3683086469,,73.323,,16.2099990844727,11.4135999679565,,,18428.0,27.3,33.1142926045016
Lithuania,34.7,22900.0,21.7,4.49,26.700001,1.544,2.907143528889977,5.43243742,11045.4042839546,,73.256,,15.3900003433228,12.4120502471924,,,20243.0,24.5,48.3153301209433
Luxembourg,32.0,92000.0,19.4,24.6,30.299999,1.5719999999999998,1.6233889730092044,7.101400375,38337.6681231504,,80.664,,4.90000009536743,8.99283027648926,,,54031.0,24.4,200.133976833977
Malta,29.3,28600.0,19.4,26.1,29.200001,1.386,0.7294386941729611,6.154718399,,,81.094,,6.38000011444092,12.611310005188,,,23871.0,,1300.8375
Moldova,30.7,5010.0,24.2,18.3,,1.276,1.667850250517166,5.792262554,2271.08380767231,,70.119,,6.67999982833862,15.3187999725342,,,4892.0,24.5,124.097535469028
North Macedonia,39.7,11600.0,26.9,17.0,25.5,1.477,1.008935313663599,4.898180008,7969.48351003069,,74.846,,31.3799991607666,,,,11321.0,27.1,82.1722045995242
Netherlands,27.8,46600.0,20.5,20.4,30.1,1.74,1.4058446946918963,7.563797951,60385.9585369719,,81.015,252394.4413,4.98000001907349,11.5583200454712,,,44591.0,22.6,495.049644128114
Norway,25.9,62100.0,25.9,27.7,31.1,1.866,1.4363324186171726,,115888.217448688,,81.345,,3.21000003814697,,,,80623.0,20.5,13.561001519528
Poland,33.0,22900.0,22.4,16.7,26.200001,1.351,2.0553682209806663,5.646204948,5945.10934419971,,76.647,,9.63000011444092,10.1553602218628,,,21837.0,25.9,124.296296901022
Portugal,35.9,26800.0,18.6,21.2,28.0,1.305,1.3732889625965203,5.219997883,9552.56727647118,,80.26,,12.6800003051758,11.1004295349121,,,25133.0,28.7,115.269789278305
Romania,31.9,17900.0,28.0,18.0,25.799999,1.521,1.0355658659194191,5.02275753,4271.44187468488,,74.42,,7.17999982833862,17.3667392730713,,,17174.0,21.4,87.5332493374462
Russia,40.1,24300.0,24.4,13.9,,1.6269999999999998,2.648036171820934,5.388766289,10534.5710654336,,69.343,,6.53999996185303,,,,23130.0,31.1,8.72943779855369
Serbia,33.1,13700.0,20.1,20.2,,1.492,1.4468629778195592,4.815186501,6813.34767040296,,74.364,,22.9699993133545,15.4810199737549,,,12463.0,,82.7132289046421
Slovak Republic,26.9,25800.0,25.0,15.5,,,,,,,,,,,,,,,
Slovenia,25.3,28800.0,21.7,17.9,29.4,1.545,2.436116971173171,6.035964012,10967.6440768017,,79.725,,8.17000007629395,16.7077007293701,,,26004.0,20.8,101.928649453823
Spain,35.5,32100.0,21.9,12.4,31.299999,1.378,0.9780656065567406,6.518249035,45893.878540211,,82.149,,21.3899993896484,12.3987598419189,,,31600.0,25.9,93.5078358806114
Sweden,27.8,43800.0,23.8,26.5,33.0,1.916,1.5516698016566617,7.382232189,76007.6678547753,,81.679,,7.76999998092651,9.26630020141602,,,42079.0,21.4,23.027764780426
Switzerland,32.2,56200.0,26.7,9.65,29.9,1.5119999999999998,1.9947119668430395,,28823.2511543523,,82.45,,4.40999984741211,,,,58686.0,24.6,200.23276647434
Turkey,39.6,19700.0,31.3,18.7,23.9,2.137,0.6702410605199494,5.271944046,12448.7414270085,,74.944,,8.80000019073486,,,,17919.0,30.5,95.3827878331146
Ukraine,24.8,8280.0,22.4,18.5,,1.474,1.6739376193164728,5.083132744,2984.68002179531,,69.932,,7.8600001335144,15.833459854126,,,10333.0,20.8,78.896119588483
United Kingdom,33.5,36800.0,15.6,26.1,30.200001,1.884,0.9644454597102332,6.869248867,49389.1366345043,,80.564,596247.613,8.03999996185303,17.2653999328613,,,34971.0,25.3,261.47612119208
Australia,32.9,42000.0,26.4,20.4,28.0,1.922,1.8198779355122143,7.405616283,82077.6904907286,,82.119,,5.07999992370605,,,,46132.0,,2.90798641031983
New Zealand,33.2,32700.0,20.4,25.6,28.4,2.09,1.7764103384545191,7.190638065,92901.2311734907,,81.052,,5.96999979019165,14.550479888916,,,32057.0,,16.6495765447571
Brunei,,,,,26.1,1.957,1.452310796681484,,79688.6246433964,,74.852,,6.11199998855591,11.3356599807739,,,,,74.765275142315
Cameroon,,,,,21.299999,5.049,0.9202995115996973,4.433885098,689.430329906577,,55.581,,4.1729998588562,45.4377288818359,,,2494.0,,43.4102240274164
Congo,,,,,21.299999,4.742,1.0261936790180517,4.509824276,803.034279940449,,60.785,,13.0640001296997,47.0928916931152,,,5875.0,37.9,13.2144363103953
Czechia,,,,,28.1,1.473,1.596802387682027,6.331490993,22024.4621211379,,77.843,,6.71000003814697,18.8212604522705,,,26725.0,22.2,135.889280165717
Ghana,,,,,23.799999,4.234,0.7971503027200261,5.608199596,1981.09210366091,,61.381,,4.47200012207031,31.0422306060791,,,3283.0,,110.406064867716
Greenland,,,,,31.5,,9.176565321764356,,,,70.711,,,,,,,,0.138603971251066
Hong Kong,,,,,30.299999,1.151,,5.474010944,15485.5497603693,,83.109,,3.42000007629395,14.7997398376465,,,44532.0,,6734.85714285714
Iran,,,,,23.5,1.866,1.4629018027757668,4.767507076,8241.14082900005,,74.352,,12.3000001907349,,,,18024.0,,46.3491134359881
Iraq,,,,,22.0,4.301,1.2333601570379238,4.725366116,4536.89884756896,,68.848,,8.20800018310547,,,,11484.0,,73.0499470436544
Isle of Man,,,,,30.700001,,,,,,80.239,,,,,,,,141.682456140351
Korea,,,,,29.1,,,,,,,,,,,,,,
Kosovo,,,,,25.200001,,,4.859501839,,,,,,,,,,22.3,164.508128961146
Laos,,,,,20.5,3.056,1.1154294070897257,4.703749657,727.132371265087,,64.797,,0.700999975204468,26.8085193634033,,,4401.0,,27.4414514731369
Liechtenstein,,,,,29.799999,,,,,,81.801,,,7.8365797996521,,,,,226.65
Macao,,,,,30.299999,1.131,,,,,82.938,,2.55999994277954,14.8470697402954,,,,,18375.8862876254
Marshall Islands,,,,,24.200001,,3.0867650578515606,,,,71.686,,,,,,,,291.9
Mauritania,,,,,21.6,4.939,0.6718483126672511,4.784804344,1141.07762714885,,62.799,,10.1219997406006,39.2944297790527,,,3104.0,,3.60693897351315
Montenegro,,,,,27.1,1.741,1.3681943159637044,5.223116875,32069.4321917002,,75.505,,19.7099990844727,,,,15747.0,24.7,46.1025278810409
Montserrat,,,,,31.9,,,,,,73.214,,,,,,,,
Niue,,,,,24.6,,,,,,72.575,,,,,,,,
Papua New Guinea,,,,,22.6,3.926,2.3016738589789294,,3664.91469779572,,62.316,,2.61999988555908,,,,,,16.0520867376231
Rwanda,,,,,24.4,4.412,1.0096519878388086,4.097435951,435.283414781205,,64.523,,3.25399994850159,58.0943908691406,,,1449.0,,426.269598702878
Samoa,,,,,23.5,4.277,1.6425964355348135,,34395.7589890996,,71.906,,5.67999982833862,,,,,,66.3127208480565
Sint Maarten (Dutch part),,,,,28.0,,,,,,77.799,,,,,,,,983.382352941176
Tanzania,,,,,20.9,5.358,0.5561878152637854,4.073562145,652.770351142586,,59.525,,3.47000002861023,,,,2227.0,31.0,53.7038857529916
Tokelau,,,,,27.9,,,,,,80.078,,,,,,,,
Tonga,,,,,24.700001,3.864,0.83296175194498,,5092.05104199047,,70.148,,1.06500005722046,24.1260604858398,,,,,145.245833333333
Trinidad and Tobago,,,,,29.200001,1.804,1.6028362593096388,6.518745899,4709.35848049375,,72.17,,4.65999984741211,,,,29745.0,,260.192592592593
Uganda,,,,,20.0,5.983,0.6731533737460043,4.826001167,657.456418130463,,58.087,,3.84999990463257,47.776008605957,,,1890.0,,175.01320566527
Venezuela,,,,,22.9,2.444,1.6586832003058063,6.579789162,20346.165472549,,73.11,,7.84000015258789,,,,17746.0,,33.4031982313928
Africa,,,,,,4.787,,,,,59.263,,,,,,4487.0,,
Antigua and Barbuda,,,,,,1.989,0.492234473399226,,,,75.956,,,14.5120296478271,,,,,217.543181818182
Aruba,,,,,,1.779,,,,,75.158,,,15.0860900878906,,,,,566.961111111111
Asia,,,,,,2.242,,,,,71.309,,,,,,,,
"Asia, Central",,,,,,2.7430000000000003,,,,,,,,,,,,,
Australia & New Zealand,,,,,,1.951,,,,,,,,,,,,,
Bahamas,,,,,,1.847,0.5289681896574429,,14972.1276604941,,72.263,,14.5200004577637,,,,,,36.6201798201798
Barbados,,,,,,1.665,0.5686417752269047,,12379.9154269671,,78.456,,11.1400003433228,13.0866298675537,,,11870.0,,652.560465116279
Belize,,,,,,2.638,1.4360983722881109,,7202.13257680298,,72.57,,12.9309997558594,21.8992099761963,,,,,14.4319158263919
Bolivia,,,,,,3.143,1.0062987705934243,5.778874397,1518.37183468481,,68.521,,2.22000002861023,,,,5331.0,33.8,9.30337210375704
Cape Verde,,,,,,2.539,2.7736090215083062,,1126.75702190651,,71.243,,10.5769996643066,23.2553806304932,,,6295.0,,126.071215880893
Caribbean,,,,,,2.327,1.2858158488184157,,,,,,,,,,,,
Central America,,,,,,2.428,,,,,,,,,,,,,
Central and Southern Asia,,,,,,2.628,,,,,,,,,,,,,
Chad,,,,,,6.482,0.464610493242412,4.393482208,1375.15549747042,,51.424,,5.69999980926514,62.5905609130859,,,1661.0,32.4,9.75909386912325
Channel Islands,,,,,,1.586,,,,,81.688,,9.88599967956543,,,,,,844.721052631579
Comoros,,,,,,4.6930000000000005,0.859035894831338,3.838485956,2329.26137170703,,62.24,,4.42000007629395,27.7467308044434,,,1479.0,,379.671681891456
Cuba,,,,,,1.668,1.8337746869824807,,2441.11302061101,,78.4,,3.1800000667572,9.11032962799072,,,6928.0,,106.254278843005
Curacao,,,,,,2.148,,,,,77.283,,,,,,,,339.709459459459
Democratic Republic of Congo,,,,,,6.492999999999999,0.6396421642383046,4.516963959,240.106345787575,,57.427,,3.70099997520447,37.3709411621094,,,681.0,,29.4274925564059
Djibouti,,,,,,3.213,0.8186389395387852,4.369193554,,,60.667,,6.14599990844727,35.2351188659668,,,2590.0,,37.357075064711
Eastern Africa,,,,,,5.051,,,,,,,,,,,,,
Eastern Asia,,,,,,1.615,,,,,,,,,,,,,
Eastern Europe,,,,,,1.538,2.3951631900500785,,,,,,,,,,17939.0,,
Eastern and South-Eastern Asia,,,,,,1.832,,,,,,,,,,,,,
Ecuador,,,,,,2.59,1.973318629824266,5.795088291,3992.44306254055,,75.289,,3.46000003814697,18.1221904754639,,,9985.0,34.8,61.1103035915606
Eritrea,,,,,,4.486000000000001,1.1795635697599802,,,,62.732,,6.74599981307983,40.464298248291,,,,,44.3038613861386
Eswatini,,,,,,3.264,1.4577984355565134,4.867091179,2434.36803049991,,48.141,,27.5340003967285,30.4911003112793,,,7389.0,,71.2359302325581
Europe,,,,,,1.596,,,,,76.634,,,,,,,,
Europe and Northern America,,,,,,1.6969999999999998,,,,,,,,,,,,,
"Europe, Western",,,,,,1.661,,,,,,,,,,,,,
French Guiana,,,,,,3.478,,,,,79.001,,,,,,,,
French Polynesia,,,,,,2.07,,,,,75.844,,20.0090007781982,,,,,,73.7275956284153
Gabon,,,,,,4.129,1.1118820093295396,4.255400658,3166.12225131575,,62.168,,20.3659992218018,24.5309791564941,,,16403.0,,6.58633523499049
Gambia,,,,,,5.5520000000000005,0.7478576841370204,,1106.50475863405,,59.917,,9.39299964904785,37.6185417175293,,,1669.0,,172.565513833992
Georgia,,,,,,1.95,0.611721297965924,4.203030586,1090.27255820876,,71.773,,15.0600004196167,,,,8946.0,31.0,67.7945344483712
Grenada,,,,,,2.217,0.6270038608813712,,,,72.768,,,,,,,,309.044117647059
Guadeloupe,,,,,,2.215,,,,,80.232,,,,,,,,
Guam,,,,,,2.469,2.9847831981367428,,,,78.173,,13.3000001907349,,,,,,295.7
Guinea,,,,,,5.256,0.5773910393810101,4.044569492,483.682231101456,,57.387,,4.53700017929077,44.0814094543457,,,1347.0,,44.9095311736936
Guinea-Bissau,,,,,,4.987,0.753481589915827,,810.486081687753,,55.144,,6.31500005722046,,,,1413.0,,56.7622332859175
Guyana,,,,,,2.63,3.669235824244879,,8928.61347308783,,68.321,,10.7829999923706,24.5917205810547,,,,,3.80543561087122
Haiti,,,,,,3.3560000000000003,0.8212186041867608,4.844573975,973.049849544643,,60.879,,13.7180004119873,,,,1648.0,,368.107910014514
High income countries,,,,,,1.742,,,,,,,,,,,,,
Kenya,,,,,,4.248,0.919036289396267,4.405310154,1859.96928899098,,61.851,,11.9879999160767,,,,2712.0,,74.6509452858699
Kiribati,,,,,,3.822,2.9043083474785822,,,,66.072,,,,,,,,129.204938271605
Kyrgyzstan,,,,,,3.169,1.8659279729229223,4.921049118,1274.71676562125,,69.376,,8.52999973297119,24.916389465332,,,4142.0,23.5,28.7518248175182
Land-locked Developing Countries (LLDC),,,,,,4.423,,,,,,,,,,,,,
Latin America and the Caribbean,,,,,,2.165,,,,,74.167,,,,,,,,
Least Developed Countries,,,,,,4.408,,,,,,,,,,,,,
Less Developed Regions,,,,,,2.681,,,,,,,,,,,,,
"Less Developed Regions, excluding China",,,,,,3.016,,,,,,,,,,,,,
"Less Developed Regions, excluding Least Developed Countries",,,,,,2.4,,,,,,,,,,,,,
Libya,,,,,,2.466,0.7220253298042746,,,,71.956,,15.7930002212524,,,,12893.0,,3.51995464723735
Low-income countries,,,,,,5.0280000000000005,,,,,,,,,,,,,
Lower-middle-income countries,,,,,,2.92,,,,,,,,,,,,,
Madagascar,,,,,,4.52,0.7798940633115308,4.381415367,294.782026003538,,63.836,,2.24699997901917,43.2448616027832,,,1347.0,,37.3739014601363
Maldives,,,,,,2.171,1.157995463531753,,6408.97451806034,,76.293,,4.68100023269653,12.275110244751,,,,,1250.43666666667
Martinique,,,,,,2.008,,,,,80.883,,,,,,,,
Mayotte,,,,,,4.263999999999999,,,,,78.997,,,,,,,,
Melanesia,,,,,,3.794,,,,,,,,,,,,,
Micronesia (country),,,,,,3.402,2.4142386852326845,,,,66.646,,,,,,,,147.811428571429
Middle Africa,,,,,,6.045,,,,,,,,,,,,,
Middle-income countries,,,,,,2.411,,,,,,,,,,,,,
More Developed Regions,,,,,,1.6780000000000002,,,,,,,,,,,,,
Myanmar,,,,,,2.312,0.6510656348022857,,1294.81932080933,,63.983,,0.782000005245209,,,,3884.0,,77.3822207595402
New Caledonia,,,,,,2.218,,,,,75.994,,14.3559999465942,,,,,,13.914113785558
Niger,,,,,,7.428999999999999,0.3474873663814751,4.555829525,435.855200958955,,58.081,,0.319999992847443,39.0020790100098,,,799.0,26.4,13.4717265335123
No income group available,,,,,,2.596,,,,,,,,,,,,,
North Korea,,,,,,1.934,1.493293559620018,,,,70.012,,4.51599979400635,,,,1718.0,,205.317648035877
Northern Africa,,,,,,3.272,,,,,,,,,,,,,
Northern Africa and Western Asia,,,,,,3.079,,,,,,,,,,,,,
Northern America,,,,,,1.907,,,,,79.049,,,,,,,,
Northern Europe,,,,,,1.86,,,,,,,,,,,,,
Oceania,,,,,,2.479,2.220415991954663,,,,77.043,,,,,,,,
Oceania (excluding Australia and New Zealand),,,,,,3.708,,,,,,,,,,,,,
Panama,,,,,,2.613,1.2052406946719558,7.24808073,4020.41099368945,,76.989,,4.48000001907349,23.0111999511719,,,16762.0,40.0,49.8760021522733
Puerto Rico,,,,,,1.5719999999999998,0.997337143926274,,,,78.797,,15.9499998092651,12.0511302947998,,,33981.0,,414.738669673055
Qatar,,,,,,2.027,4.053467337328564,6.591604233,7878.92585879782,,79.26,,0.560000002384186,11.2795400619507,,,155533.0,,168.135572782084
Reunion,,,,,,2.402,,,,,79.173,,,,,,,,
Saint Lucia,,,,,,1.5219999999999998,1.0292191692388837,,2517.48862567883,,74.993,,18.8600006103516,17.6414604187012,,,10255.0,,284.970491803279
Saint Vincent and the Grenadines,,,,,,2.046,0.928891159792437,,13163.2885391577,,71.827,,18.5030002593994,,,,,,280.361538461538
Sao Tome and Principe,,,,,,4.677,0.4350432825688063,,2026.92243595139,,67.885,,14.1269998550415,29.7971305847168,,,3179.0,,186.25
Saudi Arabia,,,,,,2.8710000000000004,0.9351741010814508,6.699789524,34989.5074202286,,74.089,,5.76999998092651,11.0106201171875,,,48470.0,,13.1358567979569
Seychelles,,,,,,2.36,1.097946804847349,,,,72.976,,,13.2545700073242,,,21545.0,,190.089130434783
Slovakia,,,,,,1.361,1.432516518092097,5.945048332,37928.8614684468,,75.782,,13.6199998855591,15.0784101486206,,,22483.0,21.0,112.260522375645
Small Island Developing States (SIDS),,,,,,2.5780000000000003,,,,,,,,,,,,,
Solomon Islands,,,,,,4.413,2.2338454257736475,,,,70.985,,2.08100008964539,19.5272808074951,,,,,19.2788138620936
Somalia,,,,,,6.765,0.482086892087806,4.930571556,,,54.342,,6.02799987792969,,,,,,19.7735279114993
South America,,,,,,2.041,,,,,,,,,,,,,
South Eastern Asia,,,,,,2.364,,,,,,,,,,,,,
South Sudan,,,,,,5.2860000000000005,0.5588734602378281,,,,55.325,,11.6680002212524,49.8998413085938,,,,,
Southern Africa,,,,,,2.6660000000000004,,,,,,,,,,,,,
Southern Asia,,,,,,2.624,,,,,,,,,,,,,
Southern Europe,,,,,,1.433,,,,,,,,,,,,,
Sub-Saharan Africa,,,,,,5.197,0.6975616220556331,,1236.8170148431,,,,7.04739374040974,42.406120300293,,,,,38.1902079043944
Sudan,,,,,,4.824,0.6603066652913403,4.314456463,3928.11851052588,,63.171,,12.9980001449585,,,,3669.0,,19.961412037037
Syria,,,,,,3.29,0.6890473105257261,4.037889481,,,71.27,,,,,,5979.0,,
Taiwan,,,,,,1.0659999999999998,2.8957293205052843,6.308915138,,,78.961,,,,,,38565.0,,
Tajikistan,,,,,,3.603,0.9191625722650034,4.262671471,806.808003933871,,69.055,,11.1579999923706,23.2745609283447,,,3111.0,,55.8441626178908
Timor,,,,,,4.637,1.0059186436048395,,1701.78004149484,,67.477,,3.26099991798401,31.3548107147217,,,,,76.0943510423672
Turkmenistan,,,,,,2.892,1.4411753036208883,5.791754723,,,66.928,,3.74699997901917,,,,16518.0,,11.010280254506
United States Virgin Islands,,,,,,2.36,0.7845998872296662,,,,78.907,,8.11100006103516,,,,,,309.405714285714
Upper-middle-income countries,,,,,,1.856,,,,,,,,,,,,,
Vanuatu,,,,,,4.06,2.1270162041101672,,2483.08011915471,,69.272,,5.36999988555908,,,,,,19.8417555373257
Western Africa,,,,,,5.59,,,,,,,,,,,,,
Western Asia,,,,,,2.908,,,,,,,,,,,21298.0,,
Western Sahara,,,,,,2.572,,,,,67.797,,,,,,,,
World,,,,,,2.536,1.501077850012032,,2945.9311644247,,70.32,,5.60262410730942,24.1257400512695,,,13587.0,,54.0695870454486
Yemen,,,,,,4.553999999999999,0.8681760965281912,3.746255636,1781.26125689625,,65.768,,16.9899997711182,30.2527904510498,,,4088.0,,45.9348182661894
American Samoa,,,,,,,1.0900945488304727,,,,73.295,,,,,,,,276.6
Andean Latin America,,,,,,,1.1757461366618092,,,,,,,,,,,,
Andorra,,,,,,,1.667158701536933,,,,81.837,,,9.84527015686035,,,,,178.193617021277
Australasia,,,,,,,1.8124771623880056,,,,,,,,,,,,
Bermuda,,,,,,,0.6682875096333653,,,,81.284,,,8.94443988800049,,,,,1291.28
Central Asia,,,,,,,1.7661834420039035,,,,,,,,,,,,
Central Europe,,,,,,,1.539630101250096,,,,,,,,,,,,
"Central Europe, Eastern Europe, and Central Asia",,,,,,,2.0826629511682104,,,,,,,,,,,,
Central Latin America,,,,,,,1.2878165363634266,,,,,,,,,,,,
Central Sub-Saharan Africa,,,,,,,0.6907363035907501,,,,,,,,,,,,
Dominica,,,,,,,0.5346059229459288,,,,74.111,,,15.9256401062012,,,8944.0,,95.624
East Asia,,,,,,,1.4515524475476522,,,,,,,,,,8829.0,,
Eastern Sub-Saharan Africa,,,,,,,0.7377656527214156,,,,,,,,,,,,
England,,,,,,,0.9131344324549968,,,,,,,,,,,,
High SDI,,,,,,,1.8324691535291613,,,,,,,,,,,,
High-income,,,,,,,1.8136486276597903,,,,,,,,,,,,
High-income Asia Pacific,,,,,,,3.215073358981206,,,,,,,,,,,,
High-middle SDI,,,,,,,1.574168796363427,,,,,,,,,,,,
Latin America and Caribbean,,,,,,,1.1869246648772669,,,,,,,,,,,,
Low SDI,,,,,,,1.0490127515500527,,,,,,,,,,,,
Low-middle SDI,,,,,,,1.53550284672769,,,,,,,,,,,,
Middle SDI,,,,,,,1.4998591322654522,,,,,,,,,,,,
North Africa and Middle East,,,,,,,0.9719866939214572,,,,,,,,,,,,
North America,,,,,,,1.7220954329080602,,66705.6101987722,,,,8.79422989175753,14.4948596954346,,,,,18.971109227684
Northern Ireland,,,,,,,1.438589498351496,,,,,,,,,,,,
Northern Mariana Islands,,,,,,,2.511246047407547,,,,74.014,,,,,,,,116.926086956522
Scotland,,,,,,,1.272838123705791,,,,,,,,,,,,
South Asia,,,,,,,1.994539488596092,,1300.38642507384,,,,3.33454065945123,35.8492813110352,,,,,346.593718177449
Southeast Asia,,,,,,,0.97260282090643,,,,,,,,,,,,
"Southeast Asia, East Asia, and Oceania",,,,,,,1.3202197778703435,,,,,,,,,,,,
Southern Latin America,,,,,,,1.6848219854688824,,,,,,,,,,,,
Southern Sub-Saharan Africa,,,,,,,1.1679943931685497,,,,,,,,,,,,
Tropical Latin America,,,,,,,1.0685892575007745,,,,,,,,,,,,
Wales,,,,,,,0.9607035524174669,,,,,,,,,,,,
Western Europe,,,,,,,1.3365278275907917,,,,,,,,,,38046.0,,
Western Sub-Saharan Africa,,,,,,,0.5473884176003891,,,,,,,,,,,,
Arab World,,,,,,,,,4913.66620267578,,,,10.2941182246238,20.0823993682861,,,,,26.7884111539717
Caribbean small states,,,,,,,,,6245.99103213628,,,,10.8103872410215,,,,,,17.3620402618254
Central Europe and the Baltics,,,,,,,,,7275.27044602544,,,,9.78969969493241,,,,,,94.3449884167646
Early-demographic dividend,,,,,,,,,1926.007538013,,,,5.02718795127273,,,,,,89.202260291387
East Asia & Pacific,,,,,,,,,3223.61801422004,,,,4.05225998140707,18.3684196472168,,,,,91.111548220675
East Asia & Pacific (IDA & IBRD),,,,,,,,,2830.13567329413,,,,4.01348791415332,,,,,,123.819251845736
East Asia & Pacific (excluding high income),,,,,,,,,2830.13567329413,,,,4.02054645864077,,,,,,124.440108658502
Euro area,,,,,,,,,37157.4742270951,,,,10.1039767538911,12.7661104202271,,,,,125.271835704229
Europe & Central Asia,,,,,,,,,11354.6624628136,,,,8.77461074660619,18.0184001922607,,,,,32.4701833622144
Europe & Central Asia (IDA & IBRD),,,,,,,,,6293.73839777616,,,,8.07322146132488,,,,,,19.2984849813089
Europe & Central Asia (excluding high income),,,,,,,,,6288.15455991436,,,,7.86826569821488,,,,,,17.7357552279538
European Union,,,,,,,,,23022.6908973198,,,,9.59336092769856,13.0495796203613,,,,,118.843520631926
Fragile and conflict affected situations,,,,,,,,,1086.25084466985,,,,7.59153051294356,,,,,,28.9954901100647
Heavily indebted poor countries (HIPC),,,,,,,,,737.51844547911,,,,5.83810590306294,42.4775199890137,,,,,32.8048733608149
High income,,,,,,,,,34580.3590135217,,,,7.88769075657564,14.1117496490479,,,,,31.7953412369174
IBRD only,,,,,,,,,2862.90465618717,,,,5.17369694541733,,,,,,64.4758276113202
IDA & IBRD total,,,,,,,,,2330.47315001298,,,,5.14192282210867,,,,,,61.4318816151347
IDA blend,,,,,,,,,2586.28557261306,,,,4.13410612427456,,,,,,78.1468683000113
IDA only,,,,,,,,,775.216012877122,,,,5.39435897879144,,,,,,46.1992738087412
IDA total,,,,,,,,,1180.54528514828,,,,5.01716613694713,,,,,,53.4061527542907
Late-demographic dividend,,,,,,,,,3549.09367383481,,,,4.98906637596532,,,,,,49.3172994255257
Latin America & Caribbean,,,,,,,,,5866.05073747265,,,,6.48294625739559,22.6510601043701,,,,,30.1133056830856
Latin America & Caribbean (IDA & IBRD),,,,,,,,,5943.20857382907,,,,6.49174831683264,,,,,,29.4931195374104
Latin America & Caribbean (excluding high income),,,,,,,,,5046.03004198297,,,,6.36251864641475,,,,,,32.6239433351368
Least developed countries: UN classification,,,,,,,,,714.443301082074,,,,5.2998744245761,41.5104789733887,,,,,43.1649027511441
Low & middle income,,,,,,,,,2274.4707487005,,,,5.08119468875641,26.3764095306396,,,,,63.2571618710886
Low income,,,,,,,,,543.933996197875,,,,5.99424742358298,43.8263282775879,,,,,44.1558629979845
Lower middle income,,,,,,,,,1721.72100758136,,,,4.3020307507177,30.7073497772217,,,,,123.310694982657
Middle East & North Africa,,,,,,,,,6029.00842298113,,,,10.4890539104826,21.4725208282471,,,,,35.2941648473282
Middle East & North Africa (IDA & IBRD),,,,,,,,,5146.16628566792,,,,11.8008536762053,,,,,,39.1296836458891
Middle East & North Africa (excluding high income),,,,,,,,,5150.51393609265,,,,11.8836226555582,,,,,,39.5568761803807
Middle income,,,,,,,,,2639.44079826207,,,,4.98149545207729,24.6056308746338,,,,,66.7599542050897
OECD members,,,,,,,,,23603.0511480925,,,,7.94582240682123,15.9614095687866,,,,,36.382481958756
Other small states,,,,,,,,,3011.27522048001,,,,11.0423755356543,,,,,,13.24670446963
Post-demographic dividend,,,,,,,,,29202.7528397476,,,,7.96563432608432,,,,,,34.2570758949472
Pre-demographic dividend,,,,,,,,,1395.33161702755,,,,6.19973192577129,,,,,,37.7348012642963
Small states,,,,,,,,,3363.93118270689,,,,10.7375988276985,,,,,,14.4701916787845
South Asia (IDA & IBRD),,,,,,,,,1300.38642507384,,,,3.33454065945123,,,,,,346.593718177449
Sub-Saharan Africa (IDA & IBRD),,,,,,,,,1236.8170148431,,,,7.04739374040974,,,,,,38.1902079043944
Sub-Saharan Africa (excluding high income),,,,,,,,,1236.8170148431,,,,7.04739374040974,,,,,,38.1872494061283
Upper middle income,,,,,,,,,4177.9124418456,,,,5.54913622100838,18.8528900146484,,,,,44.2780925957122
Americas,,,,,,,,,,,75.95720977,,,,,,,,
Anguilla,,,,,,,,,,,81.007,,,,,,,,
Bonaire Sint Eustatius and Saba,,,,,,,,,,,76.435,,,,,,,,
British Virgin Islands,,,,,,,,,,,77.817,,,,,,,,186.006666666667
Cayman Islands,,,,,,,,,,,82.72,,,12.0757598876953,,,,,235.745833333333
Cook Islands,,,,,,,,,,,74.489,,,,,,,,
Faeroe Islands,,,,,,,,,,,79.598,,,,,,,,34.8194842406877
Falkland Islands,,,,,,,,,,,80.286,,,,,,,,
Gibraltar,,,,,,,,,,,79.022,,,,,,,,3340.5
Monaco,,,,,,,,,,,84.462,,,,,,,,18748.5
Nauru,,,,,,,,,,,59.126,,,,,,,,502.85
Palau,,,,,,,,,,,71.695,,,,,,,,44.7804347826087
Saint Barthlemy,,,,,,,,,,,80.139,,,,,,,,
Saint Helena,,,,,,,,,,,79.882,,,,,,,,
Saint Kitts and Nevis,,,,,,,,,,,74.568,,,13.0566396713257,,,,,200.023076923077
Saint Martin (French part),,,,,,,,,,,80.035,,,,,,,,562.775735294118
Saint Pierre and Miquelon,,,,,,,,,,,80.077,,,,,,,,
San Marino,,,,,,,,,,,83.495,,,6.40573978424072,,,,,525.066666666667
Turks and Caicos Islands,,,,,,,,,,,79.191,,,,,,,,33.4010526315789
Tuvalu,,,,,,,,,,,64.935,,,,,,,,354.266666666667
Vatican,,,,,,,,,,,73.388,,,,,,,,
Wallis and Futuna,,,,,,,,,,,78.394,,,,,,,,
Pacific island small states,,,,,,,,,,,,,5.857900506328,,,,,,34.9340031152648
Syrian Arab Republic,,,,,,,,,,,,,14.8999996185303,,,,,,113.619740783096
East Asia & Pacific (all income levels),,,,,,,,,,,,,,18.3168697357178,,,,,
Europe & Central Asia (all income levels),,,,,,,,,,,,,,14.6331596374512,,,,,
Latin America & Caribbean (all income levels),,,,,,,,,,,,,,22.4471607208252,,,,,
Middle East & North Africa (all income levels),,,,,,,,,,,,,,19.5060005187988,,,,,
Sub-Saharan Africa (all income levels),,,,,,,,,,,,,,42.4005012512207,,,,,
Czechoslovakia,,,,,,,,,,,,,,,,,25289.0,,
Former USSR,,,,,,,,,,,,,,,,,17391.0,,
Former Yugoslavia,,,,,,,,,,,,,,,,,14540.0,,
Latin America,,,,,,,,,,,,,,,,,13899.0,,
Western Offshoots,,,,,,,,,,,,,,,,,48569.0,,
